Wk,Day,Date,Time,Home,HxG,Score,AxG,Away,AwayDistMin,AwayDistMiles,Attendance,stadiumID,Referee,FTHG,FTAG,HTHG,HTAG,HF,AF,HC,AC,Hyc,Ayc,Hrc,Arc,HGD,HGD,AGD,,EPLha
1,Fri,8/13/21,20:00 (15:00),Brentford,1.2,2–0,1.3,Arsenal,47,16.1,"16,479",Brentford Community Stadium,Michael Oliver,2,0,1,0,12,8,2,5,0,0,0,0,5,18,-5,,4.157894737
3,Sat,8/28/21,12:30 (07:30),Manchester City,4.4,5–0,0.2,Arsenal,232,198,"52,276",Etihad Stadium,Martin Atkinson,5,0,3,0,5,7,14,0,1,2,0,1,,,,,
5,Sat,9/18/21,15:00 (10:00),Burnley,1,0–1,1.1,Arsenal,258,226,"20,000",Turf Moor,Anthony Taylor,0,1,0,1,9,8,8,3,2,1,0,0,,,,,
7,Sat,10/2/21,17:30 (12:30),Brighton,1.1,0–0,0.4,Arsenal,102,78.1,"31,266",The American Express Community Stadium,Jonathan Moss,0,0,0,0,8,5,8,5,2,1,0,0,,,,,
10,Sat,10/30/21,12:30 (07:30),Leicester City,1.3,0–2,0.7,Arsenal,131,98.5,"32,209",King Power Stadium,Michael Oliver,0,2,0,2,8,11,7,6,2,0,0,0,,,,,
12,Sat,11/20/21,17:30 (12:30),Liverpool,4.3,4–0,0.4,Arsenal,237,209,"53,092",Anfield,Michael Oliver,4,0,1,0,15,12,6,1,2,0,0,0,,,,,
14,Thu,12/2/21,20:15 (15:15),Manchester Utd,1.9,3–2,1.4,Arsenal,225,197,"73,123",Old Trafford,Martin Atkinson,3,2,1,1,9,10,3,8,1,0,0,0,,,,,
15,Mon,12/6/21,20:00 (15:00),Everton,0.9,2–1,1,Arsenal,238,209,"38,906",Goodison Park,Mike Dean,2,1,0,1,8,12,3,3,2,2,0,0,,,,,
18,Sat,12/18/21,17:30 (12:30),Leeds United,1.6,1–4,3.5,Arsenal,219,192,"36,166",Elland Road,Andre Marriner,1,4,0,3,11,7,1,4,3,1,0,0,,,,,
19,Sun,12/26/21,15:00 (10:00),Norwich City,0.1,0–5,2.5,Arsenal,139,116,"26,940",Carrow Road,Graham Scott,0,5,0,2,13,7,3,5,1,2,0,0,,,,,
24,Thu,2/10/22,19:45 (14:45),Wolves,0.8,0–1,1.8,Arsenal,161,132,"31,523",Molineux Stadium,Michael Oliver,0,1,0,1,12,13,7,4,2,3,0,1,,,,,
28,Sun,3/6/22,14:00 (09:00),Watford,1,2–3,1,Arsenal,40,18.3,"21,142",Vicarage Road Stadium,Craig Pawson,2,3,1,2,5,11,1,5,1,2,0,0,,,,,
30,Sat,3/19/22,12:30 (08:30),Aston Villa,0.5,0–1,1.3,Arsenal,141,115,"41,956",Villa Park,Andy Madley,0,1,0,1,13,14,6,5,3,3,0,0,,,,,
31,Mon,4/4/22,20:00 (15:00),Crystal Palace,1.5,3–0,0.8,Arsenal,57,12.3,"25,149",Selhurst Park,Paul Tierney,3,0,2,0,11,15,0,2,0,2,0,0,,,,,
33,Sat,4/16/22,15:00 (10:00),Southampton,0.8,1–0,1.7,Arsenal,122,90.3,"31,465",St. Mary's Stadium,Peter Bankes,1,0,1,0,6,6,6,8,2,1,0,0,,,,,
25,Wed,4/20/22,19:45 (14:45),Chelsea,0.7,2–4,2,Arsenal,40,9.9,"32,249",Stamford Bridge,Jonathan Moss,2,4,2,2,7,6,6,1,3,1,0,0,,,,,
35,Sun,5/1/22,16:30 (11:30),West Ham,0.5,1–2,0.9,Arsenal,28,6,"59,959",London Stadium,Mike Dean,1,2,1,1,8,9,3,7,2,2,0,0,,,,,
22,Thu,5/12/22,19:45 (14:45),Tottenham,2.7,3–0,0.5,Arsenal,19,4.5,"62,027",Tottenham Hotspur Stadium,Paul Tierney,3,0,2,0,8,15,2,2,1,3,0,1,,,,,
37,Mon,5/16/22,20:00 (15:00),Newcastle Utd,1.6,2–0,0.6,Arsenal,305,286,"52,274",St. James' Park,Darren England,2,0,0,0,11,8,12,8,0,3,0,0,,,,,
1,Sat,8/14/21,15:00 (10:00),Watford,1.2,3–2,1.2,Aston Villa,106,102,"20,051",Vicarage Road Stadium,Mike Dean,3,2,2,0,18,13,2,4,3,1,0,0,2,0,-2,,
4,Sat,9/11/21,17:30 (12:30),Chelsea,1.3,3–0,1.2,Aston Villa,136,126,"39,969",Stamford Bridge,Stuart Attwell,3,0,1,0,11,11,4,11,1,4,0,0,,,,,
6,Sat,9/25/21,12:30 (07:30),Manchester Utd,2.2,0–1,1,Aston Villa,94,85.5,"72,922",Old Trafford,Mike Dean,0,1,0,0,9,13,5,5,2,2,0,0,,,,,
7,Sun,10/3/21,14:00 (09:00),Tottenham,1.3,2–1,1.2,Aston Villa,130,116,"53,076",Tottenham Hotspur Stadium,Chris Kavanagh,2,1,1,0,11,14,5,8,2,1,0,0,,,,,
9,Fri,10/22/21,20:00 (15:00),Arsenal,2.7,3–1,1.4,Aston Villa,141,115,"59,496",Emirates Stadium,Craig Pawson,3,1,2,0,17,10,7,4,2,5,0,0,,,,,
11,Fri,11/5/21,20:00 (16:00),Southampton,0.6,1–0,0.6,Aston Villa,155,142,"30,178",St. Mary's Stadium,Andy Madley,1,0,1,0,12,12,10,8,2,2,0,0,,,,,
13,Sat,11/27/21,15:00 (10:00),Crystal Palace,1,1–2,0.5,Aston Villa,135,163,"25,203",Selhurst Park,Michael Salisbury,1,2,0,1,12,10,7,3,3,3,0,0,,,,,
16,Sat,12/11/21,15:00 (10:00),Liverpool,2.2,1–0,0.2,Aston Villa,107,97,"53,093",Anfield,Stuart Attwell,1,0,0,0,13,6,11,3,1,2,0,0,,,,,
17,Tue,12/14/21,19:45 (14:45),Norwich City,0.5,0–2,2,Aston Villa,168,161,"26,836",Carrow Road,David Coote,0,2,0,1,12,9,7,10,3,1,0,0,,,,,
21,Sun,1/2/22,14:00 (09:00),Brentford,0.6,2–1,0.8,Aston Villa,129,123,"16,876",Brentford Community Stadium,Craig Pawson,2,1,1,1,17,11,3,7,2,2,0,0,,,,,
23,Sat,1/22/22,12:30 (07:30),Everton,1.6,0–1,0.8,Aston Villa,109,97.8,"38,203",Goodison Park,Craig Pawson,0,1,0,1,14,16,9,2,5,3,0,0,,,,,
25,Sun,2/13/22,14:00 (09:00),Newcastle Utd,0.5,1–0,0.6,Aston Villa,217,211,"52,207",St. James' Park,Craig Pawson,1,0,1,0,22,15,3,6,3,4,0,0,,,,,
27,Sat,2/26/22,15:00 (10:00),Brighton,0.7,0–2,1,Aston Villa,175,176,"31,475",The American Express Community Stadium,John Brooks,0,2,0,1,17,11,7,2,4,5,0,0,,,,,
20,Thu,3/10/22,19:45 (14:45),Leeds United,0.2,0–3,1.5,Aston Villa,119,117,"36,400",Elland Road,Simon Hooper,0,3,0,1,17,11,3,5,5,3,0,0,,,,,
29,Sun,3/13/22,14:00 (10:00),West Ham,1.2,2–1,1.1,Aston Villa,140,133,"59,957",London Stadium,Jarred Gillett,2,1,0,0,9,3,5,7,1,0,0,0,,,,,
31,Sat,4/2/22,15:00 (10:00),Wolves,1.3,2–1,2.1,Aston Villa,28,21.1,"31,012",Molineux Stadium,Darren England,2,1,2,0,15,8,4,9,4,3,0,0,,,,,
34,Sat,4/23/22,15:00 (10:00),Leicester City,0.3,0–0,0.9,Aston Villa,50,41.6,"32,185",King Power Stadium,Andy Madley,0,0,0,0,15,16,7,6,3,2,0,0,,,,,
36,Sat,5/7/22,15:00 (10:00),Burnley,1.9,1–3,2.1,Aston Villa,127,115,"20,891",Turf Moor,David Coote,1,3,0,2,13,11,4,5,1,2,0,0,,,,,
38,Sun,5/22/22,16:00 (11:00),Manchester City,3.4,3–2,0.2,Aston Villa,141,86.8,"53,395",Etihad Stadium,Michael Oliver,3,2,0,1,5,11,13,1,0,1,0,0,,,,,
2,Sat,8/21/21,15:00 (10:00),Crystal Palace,0.5,0–0,0.9,Brentford,44,14,"23,091",Selhurst Park,Martin Atkinson,0,0,0,0,12,9,3,5,3,1,0,0,9,1,-9,,
3,Sat,8/28/21,15:00 (10:00),Aston Villa,0.7,1–1,0.9,Brentford,129,123,"42,045",Villa Park,Peter Bankes,1,1,1,1,15,14,3,2,3,3,0,0,,,,,
5,Sat,9/18/21,12:30 (07:30),Wolves,0.6,0–2,2.5,Brentford,142,139,"30,000",Molineux Stadium,Darren England,0,2,0,2,10,7,4,2,4,2,0,1,,,,,
7,Sun,10/3/21,14:00 (09:00),West Ham,1.5,1–2,1.2,Brentford,55,16,"49,940",London Stadium,Peter Bankes,1,2,0,1,16,13,11,6,2,3,0,0,,,,,
10,Sat,10/30/21,15:00 (10:00),Burnley,2.3,3–1,0.8,Brentford,241,233,"18,821",Turf Moor,Jonathan Moss,3,1,3,0,7,10,4,2,1,1,0,0,,,,,
12,Sat,11/20/21,15:00 (10:00),Newcastle Utd,1.5,3–3,0.9,Brentford,304,296,"52,131",St. James' Park,Robert Jones,3,3,2,2,13,11,8,2,2,2,0,0,,,,,
14,Thu,12/2/21,19:30 (14:30),Tottenham,1.9,2–0,0.3,Brentford,43,16.6,"54,202",Tottenham Hotspur Stadium,Jonathan Moss,2,0,1,0,13,11,11,5,0,0,0,0,,,,,
15,Sun,12/5/21,14:00 (09:00),Leeds United,1.2,2–2,1,Brentford,210,194,"35,639",Elland Road,David Coote,2,2,1,0,11,9,5,1,5,3,0,0,,,,,
19,Sun,12/26/21,20:00 (15:00),Brighton,0.8,2–0,0.7,Brentford,76,74.5,"30,141",The American Express Community Stadium,Darren England,2,0,2,0,8,10,6,9,1,3,0,0,,,,,
18,Tue,1/11/22,19:45 (14:45),Southampton,1.4,4–1,0.5,Brentford,79,73.3,"27,383",St. Mary's Stadium,Stuart Attwell,4,1,2,1,9,8,5,2,0,1,0,0,,,,,
22,Sun,1/16/22,14:00 (09:00),Liverpool,2.7,3–0,0.7,Brentford,220,216,"52,824",Anfield,Jonathan Moss,3,0,1,0,6,6,9,0,0,1,0,0,,,,,
24,Wed,2/9/22,19:45 (14:45),Manchester City,1.9,2–0,0.4,Brentford,215,205,"51,658",Etihad Stadium,Darren England,2,0,1,0,7,13,9,3,0,0,0,0,,,,,
26,Sat,2/19/22,15:00 (10:00),Arsenal,1.7,2–1,0.6,Brentford,41,16.1,"59,249",Emirates Stadium,Jonathan Moss,2,1,0,0,10,5,14,0,1,1,0,0,,,,,
28,Sat,3/5/22,15:00 (10:00),Norwich City,1,1–3,2,Brentford,154,126,"26,887",Carrow Road,Anthony Taylor,1,3,0,1,13,18,5,5,2,5,0,0,,,,,
30,Sun,3/20/22,14:00 (10:00),Leicester City,1,2–1,1.3,Brentford,119,101,"31,830",King Power Stadium,Darren England,2,1,2,0,10,10,2,5,1,2,0,0,,,,,
31,Sat,4/2/22,15:00 (10:00),Chelsea,1.3,1–4,1.8,Brentford,20,5.4,"39,061",Stamford Bridge,Andy Madley,1,4,0,0,11,7,12,7,0,0,0,0,,,,,
33,Sat,4/16/22,15:00 (10:00),Watford,1.7,1–2,1.9,Brentford,40,21.1,"21,045",Vicarage Road Stadium,Simon Hooper,1,2,0,1,11,9,6,5,2,1,0,0,,,,,
35,Mon,5/2/22,20:00 (15:00),Manchester Utd,2,3–0,0.6,Brentford,209,203,"73,482",Old Trafford,Chris Kavanagh,3,0,1,0,4,6,3,8,1,0,0,0,,,,,
37,Sun,5/15/22,16:30 (11:30),Everton,2.1,2–3,1.4,Brentford,221,217,"38,819",Goodison Park,Michael Oliver,2,3,2,1,8,8,5,2,0,3,2,0,,,,,
1,Sat,8/14/21,15:00 (10:00),Burnley,1.5,1–2,1,Brighton,293,288,"16,910",Turf Moor,David Coote,1,2,1,0,10,7,7,6,2,1,0,0,-2,-4,2,,
4,Sat,9/11/21,15:00 (10:00),Brentford,0.4,0–1,0.3,Brighton,76,74.5,"16,518",Brentford Community Stadium,Graham Scott,0,1,0,0,9,12,1,6,3,2,0,0,,,,,
6,Mon,9/27/21,20:00 (15:00),Crystal Palace,1.4,1–1,0.8,Brighton,57,46,"22,975",Selhurst Park,Andre Marriner,1,1,1,0,12,10,6,5,2,3,0,0,,,,,
8,Sat,10/16/21,15:00 (10:00),Norwich City,1.2,0–0,0.8,Brighton,183,177,"26,777",Carrow Road,Peter Bankes,0,0,0,0,5,14,8,4,3,5,0,0,,,,,
10,Sat,10/30/21,15:00 (10:00),Liverpool,1.5,2–2,1,Brighton,272,270,"52,598",Anfield,Mike Dean,2,2,2,1,8,5,5,3,2,2,0,0,,,,,
12,Sat,11/20/21,15:00 (10:00),Aston Villa,0.7,2–0,0.4,Brighton,175,176,"41,925",Villa Park,Anthony Taylor,2,0,0,0,7,13,5,7,3,3,0,0,,,,,
14,Wed,12/1/21,19:30 (14:30),West Ham,1.3,1–1,1.3,Brighton,140,73.2,"59,626",London Stadium,Chris Kavanagh,1,1,1,0,10,8,9,5,1,1,0,0,,,,,
15,Sat,12/4/21,15:00 (10:00),Southampton,1.6,1–1,1.6,Brighton,76,64.8,"28,706",St. Mary's Stadium,Anthony Taylor,1,1,1,0,15,12,6,2,4,2,0,0,,,,,
20,Wed,12/29/21,19:30 (14:30),Chelsea,0.7,1–1,0.9,Brighton,77,52.7,"40,080",Stamford Bridge,Mike Dean,1,1,1,0,14,7,10,8,4,1,0,0,,,,,
21,Sun,1/2/22,14:00 (09:00),Everton,1.6,2–3,1.7,Brighton,274,271,"38,203",Goodison Park,John Brooks,2,3,0,2,5,12,8,5,1,1,0,0,,,,,
23,Sun,1/23/22,14:00 (09:00),Leicester City,1.4,1–1,1.1,Brighton,171,164,"31,231",King Power Stadium,Martin Atkinson,1,1,0,0,6,8,4,5,0,1,0,0,,,,,
25,Sat,2/12/22,15:00 (10:00),Watford,0.5,0–2,1.6,Brighton,89,81.6,"20,795",Vicarage Road Stadium,Jonathan Moss,0,2,0,1,16,9,4,5,3,2,0,0,,,,,
18,Tue,2/15/22,20:15 (15:15),Manchester Utd,1.7,2–0,0.7,Brighton,261,259,"73,012",Old Trafford,Peter Bankes,2,0,0,0,8,10,10,2,3,1,0,1,,,,,
28,Sat,3/5/22,15:00 (10:00),Newcastle Utd,1.7,2–1,1.5,Brighton,362,351,"52,214",St. James' Park,Martin Atkinson,2,1,2,0,8,10,4,7,1,1,0,0,,,,,
32,Sat,4/9/22,15:00 (10:00),Arsenal,1.9,1–2,0.6,Brighton,102,78.1,"60,112",Emirates Stadium,David Coote,1,2,0,1,12,19,11,2,3,4,0,0,,,,,
33,Sat,4/16/22,12:30 (07:30),Tottenham,0.5,0–1,0.6,Brighton,89,83.5,"58,685",Tottenham Hotspur Stadium,Craig Pawson,0,1,0,0,14,10,4,4,3,3,0,0,,,,,
30,Wed,4/20/22,20:00 (15:00),Manchester City,1.3,3–0,0.2,Brighton,270,260,"52,226",Etihad Stadium,Mike Dean,3,0,0,0,12,7,7,4,0,3,0,0,,,,,
35,Sat,4/30/22,15:00 (10:00),Wolves,0.7,0–3,2.6,Brighton,195,194,"31,243",Molineux Stadium,Simon Hooper,0,3,0,1,6,4,7,3,2,1,0,0,,,,,
37,Sun,5/15/22,14:00 (09:00),Leeds United,1.6,1–1,2.2,Brighton,262,257,"36,638",Elland Road,Mike Dean,1,1,0,1,16,8,8,1,3,2,0,0,,,,,
2,Sat,8/21/21,12:30 (07:30),Liverpool,2.7,2–0,0.9,Burnley,61,51,"52,591",Anfield,Mike Dean,2,0,1,0,6,12,8,4,0,0,0,0,12,-7,-12,,
4,Mon,9/13/21,20:00 (15:00),Everton,1.4,3–1,1,Burnley,58,50.3,"30,000",Goodison Park,Martin Atkinson,3,1,0,0,3,6,4,6,1,1,0,0,,,,,
6,Sat,9/25/21,15:00 (10:00),Leicester City,2.4,2–2,0.5,Burnley,158,137,"31,650",King Power Stadium,Chris Kavanagh,2,2,1,2,10,8,8,4,2,4,0,0,,,,,
8,Sat,10/16/21,15:00 (10:00),Manchester City,2.1,2–0,0.9,Burnley,41,25.5,"52,711",Etihad Stadium,Martin Atkinson,2,0,1,0,11,5,6,2,1,0,0,0,,,,,
9,Sat,10/23/21,15:00 (10:00),Southampton,1.6,2–2,0.7,Burnley,274,254,"29,145",St. Mary's Stadium,Chris Kavanagh,2,2,1,1,10,11,6,2,1,3,0,0,,,,,
11,Sat,11/6/21,15:00 (11:00),Chelsea,1.8,1–1,0.7,Burnley,254,237,"39,798",Stamford Bridge,Andre Marriner,1,1,1,0,6,9,14,2,1,4,0,0,,,,,
14,Wed,12/1/21,19:30 (14:30),Wolves,0.7,0–0,0.2,Burnley,121,104,"30,328",Molineux Stadium,John Brooks,0,0,0,0,5,7,5,5,2,3,0,0,,,,,
15,Sat,12/4/21,15:00 (10:00),Newcastle Utd,1,1–0,0.6,Burnley,256,232,"51,948",St. James' Park,Paul Tierney,1,0,1,0,11,9,10,3,1,1,0,0,,,,,
20,Thu,12/30/21,20:15 (15:15),Manchester Utd,2.4,3–1,1.1,Burnley,43,31.6,"73,121",Old Trafford,Jonathan Moss,3,1,3,1,5,10,7,5,0,0,0,0,,,,,
21,Sun,1/2/22,14:00 (09:00),Leeds United,1.9,3–1,1,Burnley,61,33.6,"36,083",Elland Road,Paul Tierney,3,1,1,0,11,7,9,3,2,1,0,0,,,,,
23,Sun,1/23/22,14:00 (09:00),Arsenal,1.2,0–0,0.4,Burnley,258,226,"59,255",Emirates Stadium,David Coote,0,0,0,0,9,13,12,4,0,2,0,0,,,,,
26,Sat,2/19/22,15:00 (10:00),Brighton,0.6,0–3,0.7,Burnley,293,288,"30,361",The American Express Community Stadium,Kevin Friend,0,3,0,2,12,12,4,4,1,4,0,0,,,,,
27,Sat,2/26/22,15:00 (10:00),Crystal Palace,1,1–1,0.2,Burnley,276,249,"24,203",Selhurst Park,Jonathan Moss,1,1,1,0,5,17,5,4,0,2,0,0,,,,,
29,Sat,3/12/22,15:00 (10:00),Brentford,1.9,2–0,0.7,Burnley,241,233,"17,088",Brentford Community Stadium,Paul Tierney,2,0,0,0,6,10,2,9,1,1,0,1,,,,,
32,Sun,4/10/22,14:00 (09:00),Norwich City,1.7,2–0,1.7,Burnley,265,226,"26,361",Carrow Road,Michael Oliver,2,0,1,0,12,10,6,7,1,1,0,0,,,,,
33,Sun,4/17/22,14:15 (09:15),West Ham,2.2,1–1,1.8,Burnley,262,244,"59,958",London Stadium,Paul Tierney,1,1,0,1,9,10,13,4,2,2,0,0,,,,,
35,Sat,4/30/22,15:00 (10:00),Watford,1,1–2,1.6,Burnley,228,213,"20,738",Vicarage Road Stadium,Craig Pawson,1,2,1,0,13,9,5,6,1,2,0,0,,,,,
37,Sun,5/15/22,12:00 (07:00),Tottenham,2.2,1–0,0.7,Burnley,251,227,"61,729",Tottenham Hotspur Stadium,Kevin Friend,1,0,1,0,12,8,8,2,3,2,0,0,,,,,
18,Thu,5/19/22,20:00 (15:00),Aston Villa,1.5,1–1,1.6,Burnley,127,115,"40,468",Villa Park,Paul Tierney,1,1,0,1,11,20,13,6,0,1,0,1,,,,,
2,Sun,8/22/21,16:30 (11:30),Arsenal,0.3,0–2,3.1,Chelsea,40,9.9,"58,729",Emirates Stadium,Paul Tierney,0,2,0,2,10,4,9,8,3,0,0,0,-28,15,,,
3,Sat,8/28/21,17:30 (12:30),Liverpool,2.5,1–1,0.6,Chelsea,230,220,"54,000",Anfield,Anthony Taylor,1,1,1,1,13,4,12,3,0,2,0,1,,,,,
5,Sun,9/19/21,16:30 (11:30),Tottenham,0.5,0–3,2.1,Chelsea,48,13.6,"60,059",Tottenham Hotspur Stadium,Paul Tierney,0,3,0,0,4,15,5,11,0,1,0,0,,,,,
8,Sat,10/16/21,17:30 (12:30),Brentford,1.4,0–1,0.3,Chelsea,20,5.4,"16,940",Brentford Community Stadium,Anthony Taylor,0,1,0,1,13,8,5,5,1,1,0,0,,,,,
10,Sat,10/30/21,15:00 (10:00),Newcastle Utd,0.2,0–3,2.2,Chelsea,315,292,"52,208",St. James' Park,Paul Tierney,0,3,0,0,14,12,0,2,3,2,0,0,,,,,
12,Sat,11/20/21,12:30 (07:30),Leicester City,0.4,0–3,2,Chelsea,127,105,"35,497",King Power Stadium,Paul Tierney,0,3,0,2,15,8,3,5,3,1,0,0,,,,,
14,Wed,12/1/21,19:30 (14:30),Watford,1,1–2,0.9,Chelsea,47,24.4,"20,388",Vicarage Road Stadium,David Coote,1,2,1,1,18,16,6,0,4,3,0,0,,,,,
15,Sat,12/4/21,12:30 (07:30),West Ham,1.8,3–2,1.1,Chelsea,44,11.7,"59,942",London Stadium,Andre Marriner,3,2,1,2,10,10,1,9,1,3,0,0,,,,,
18,Sun,12/19/21,14:00 (09:00),Wolves,0.2,0–0,0.9,Chelsea,154,143,"30,631",Molineux Stadium,David Coote,0,0,0,0,9,7,4,9,0,2,0,0,,,,,
19,Sun,12/26/21,17:30 (12:30),Aston Villa,0.4,1–3,2.6,Chelsea,136,126,"41,907",Villa Park,Martin Atkinson,1,3,1,1,8,11,2,5,3,1,0,0,,,,,
22,Sat,1/15/22,12:30 (07:30),Manchester City,1,1–0,0.3,Chelsea,227,210,"53,319",Etihad Stadium,Craig Pawson,1,0,0,0,11,6,9,1,0,2,0,0,,,,,
24,Tue,1/18/22,20:00 (15:00),Brighton,0.7,1–1,0.7,Chelsea,77,52.7,"30,880",The American Express Community Stadium,Kevin Friend,1,1,0,1,8,5,5,7,1,2,0,0,,,,,
26,Sat,2/19/22,15:00 (10:00),Crystal Palace,0.5,0–1,0.9,Chelsea,29,8.6,"25,109",Selhurst Park,David Coote,0,1,0,0,4,20,4,4,1,3,0,0,,,,,
28,Sat,3/5/22,15:00 (10:00),Burnley,0.7,0–4,2.3,Chelsea,254,237,"19,439",Turf Moor,Andre Marriner,0,4,0,0,12,7,5,2,2,0,0,0,,,,,
30,Thu,3/10/22,19:30 (14:30),Norwich City,1,1–3,1.8,Chelsea,162,124,"26,684",Carrow Road,Martin Atkinson,1,3,0,2,8,15,3,8,0,2,0,0,,,,,
32,Sat,4/9/22,15:00 (10:00),Southampton,0.5,0–6,4.2,Chelsea,90,77.7,"31,359",St. Mary's Stadium,Kevin Friend,0,6,0,4,11,10,3,3,1,0,0,0,,,,,
37,Thu,4/28/22,19:45 (14:45),Manchester Utd,0.5,1–1,1.9,Chelsea,218,208,"73,564",Old Trafford,Mike Dean,1,1,0,0,9,12,2,9,0,1,0,0,,,,,
35,Sun,5/1/22,14:00 (09:00),Everton,0.8,1–0,0.8,Chelsea,231,221,"39,256",Goodison Park,Kevin Friend,1,0,0,0,9,12,3,8,3,5,0,0,,,,,
33,Wed,5/11/22,19:30 (14:30),Leeds United,0.4,0–3,1.3,Chelsea,218,198,"36,549",Elland Road,Anthony Taylor,0,3,0,1,10,14,1,5,1,0,1,0,,,,,
1,Sat,8/14/21,15:00 (10:00),Chelsea,0.7,3–0,0.2,Crystal Palace,29,8.6,"38,965",Stamford Bridge,Jonathan Moss,3,0,2,0,15,11,5,2,0,0,0,0,6,10,,,
3,Sat,8/28/21,15:00 (10:00),West Ham,1.3,2–2,1.1,Crystal Palace,39,14.5,"59,751",London Stadium,Stuart Attwell,2,2,1,0,10,7,5,3,1,0,0,0,,,,,
5,Sat,9/18/21,15:00 (10:00),Liverpool,3.1,3–0,0.6,Crystal Palace,258,229,"52,000",Anfield,Andy Madley,3,0,1,0,17,11,10,5,3,1,0,0,,,,,
8,Mon,10/18/21,20:00 (15:00),Arsenal,1.7,2–2,0.7,Crystal Palace,40,9.9,"59,475",Emirates Stadium,Mike Dean,2,2,1,0,7,4,6,4,1,1,0,0,,,,,
10,Sat,10/30/21,15:00 (10:00),Manchester City,0.7,0–2,0.7,Crystal Palace,252,218,"53,014",Etihad Stadium,Andre Marriner,0,2,0,1,11,11,7,1,2,3,1,0,,,,,
12,Sat,11/20/21,15:00 (10:00),Burnley,1.5,3–3,1.9,Crystal Palace,276,249,"18,028",Turf Moor,Simon Hooper,3,3,2,3,14,15,3,6,2,3,0,0,,,,,
14,Tue,11/30/21,20:15 (15:15),Leeds United,1.4,1–0,1.1,Crystal Palace,245,206,"35,558",Elland Road,Kevin Friend,1,0,0,0,15,15,7,4,5,3,0,0,,,,,
15,Sun,12/5/21,14:00 (09:00),Manchester Utd,0.9,1–0,0.5,Crystal Palace,246,217,"73,172",Old Trafford,Craig Pawson,1,0,0,0,16,9,9,6,2,2,0,0,,,,,
19,Sun,12/26/21,15:00 (10:00),Tottenham,2.3,3–0,0.2,Crystal Palace,55,27,"40,539",Tottenham Hotspur Stadium,Jonathan Moss,3,0,2,0,16,10,4,2,1,1,0,1,,,,,
22,Fri,1/14/22,20:00 (15:00),Brighton,2,1–1,0.2,Crystal Palace,57,46,"30,675",The American Express Community Stadium,Robert Jones,1,1,0,0,11,7,9,0,0,2,0,0,,,,,
24,Wed,2/9/22,19:45 (14:45),Norwich City,0.4,1–1,1.3,Crystal Palace,158,126,"26,652",Carrow Road,Paul Tierney,1,1,1,0,11,15,4,6,1,2,0,0,,,,,
25,Sat,2/12/22,15:00 (10:00),Brentford,1.6,0–0,0.3,Crystal Palace,44,14,"16,958",Brentford Community Stadium,Simon Hooper,0,0,0,0,10,10,3,9,1,0,0,0,,,,,
18,Wed,2/23/22,19:30 (14:30),Watford,1.4,1–4,1.1,Crystal Palace,68,32.8,"20,012",Vicarage Road Stadium,Andre Marriner,1,4,1,2,12,9,6,4,2,1,0,0,,,,,
28,Sat,3/5/22,15:00 (10:00),Wolves,0.7,0–2,2.7,Crystal Palace,179,152,"31,395",Molineux Stadium,Andy Madley,0,2,0,2,13,8,7,7,0,3,0,0,,,,,
32,Sun,4/10/22,14:00 (09:00),Leicester City,1,2–1,1.4,Crystal Palace,153,113,"31,896",King Power Stadium,Robert Jones,2,1,2,0,11,12,3,4,1,1,0,0,,,,,
30,Wed,4/20/22,19:45 (14:45),Newcastle Utd,0.9,1–0,0.5,Crystal Palace,345,300,"51,938",St. James' Park,Tony Harrington,1,0,1,0,12,12,2,5,1,1,0,0,,,,,
35,Sat,4/30/22,15:00 (10:00),Southampton,0.6,1–2,1.1,Crystal Palace,106,85.2,"31,359",St. Mary's Stadium,Jarred Gillett,1,2,1,0,13,11,6,7,1,3,0,0,,,,,
37,Sun,5/15/22,14:00 (09:00),Aston Villa,1,1–1,1.4,Crystal Palace,129,123,"41,136",Villa Park,Chris Kavanagh,1,1,0,0,11,15,1,5,1,3,0,0,,,,,
33,Thu,5/19/22,19:45 (14:45),Everton,0.8,3–2,1.1,Crystal Palace,260,229,"38,448",Goodison Park,Anthony Taylor,3,2,0,2,9,13,4,5,2,3,0,0,,,,,
2,Sat,8/21/21,15:00 (10:00),Leeds United,1.2,2–2,1.8,Everton,76,72.9,"36,293",Elland Road,Darren England,2,2,1,1,6,13,8,5,2,4,0,0,25,2,-25,,
3,Sat,8/28/21,15:00 (10:00),Brighton,0.7,0–2,1.4,Everton,274,271,"30,548",The American Express Community Stadium,Jonathan Moss,0,2,0,1,7,9,4,5,1,2,0,0,,,,,
5,Sat,9/18/21,17:30 (12:30),Aston Villa,0.8,3–0,0.7,Everton,109,97.8,"41,888",Villa Park,Craig Pawson,3,0,0,0,7,10,5,4,1,1,0,0,,,,,
7,Sat,10/2/21,12:30 (07:30),Manchester Utd,1,1–1,1.3,Everton,45,34.5,"73,128",Old Trafford,Michael Oliver,1,1,1,0,10,9,10,1,1,1,0,0,,,,,
10,Mon,11/1/21,20:00 (16:00),Wolves,1.7,2–1,1.5,Everton,104,89.7,"30,617",Molineux Stadium,Martin Atkinson,2,1,2,0,10,8,4,3,1,1,0,0,,,,,
12,Sun,11/21/21,14:00 (09:00),Manchester City,2.5,3–0,0.2,Everton,48,38,"52,571",Etihad Stadium,Stuart Attwell,3,0,1,0,5,7,7,1,1,1,0,0,,,,,
13,Sun,11/28/21,14:00 (09:00),Brentford,1.2,1–0,1,Everton,221,217,"16,957",Brentford Community Stadium,Darren England,1,0,1,0,8,11,3,3,4,3,0,0,,,,,
16,Sun,12/12/21,16:30 (11:30),Crystal Palace,1.8,3–1,1,Everton,260,229,"24,066",Selhurst Park,Andy Madley,3,1,1,0,15,14,8,2,0,2,0,0,,,,,
17,Thu,12/16/21,19:45 (14:45),Chelsea,2.9,1–1,0.6,Everton,231,221,"13,933",Stamford Bridge,Michael Oliver,1,1,0,0,11,11,7,1,2,3,0,0,,,,,
22,Sat,1/15/22,15:00 (10:00),Norwich City,1,2–1,0.6,Everton,277,244,"26,629",Carrow Road,Andy Madley,2,1,2,0,12,14,8,8,3,1,0,0,,,,,
24,Tue,2/8/22,19:45 (14:45),Newcastle Utd,1.9,3–1,0.7,Everton,191,176,"52,186",St. James' Park,Anthony Taylor,3,1,1,1,13,13,6,2,2,3,0,0,,,,,
26,Sat,2/19/22,15:00 (10:00),Southampton,2.5,2–0,0.3,Everton,259,240,"31,312",St. Mary's Stadium,Andy Madley,2,0,0,0,6,9,4,4,0,2,0,0,,,,,
28,Mon,3/7/22,20:00 (15:00),Tottenham,2.5,5–0,0.2,Everton,234,213,"59,647",Tottenham Hotspur Stadium,Stuart Attwell,5,0,3,0,15,10,5,2,2,0,0,0,,,,,
31,Sun,4/3/22,14:00 (09:00),West Ham,1.2,2–1,0.7,Everton,244,230,"59,953",London Stadium,Michael Oliver,2,1,1,0,9,12,2,4,1,1,0,1,,,,,
19,Wed,4/6/22,19:30 (14:30),Burnley,2,3–2,2.4,Everton,58,50.3,"19,830",Turf Moor,Mike Dean,3,2,1,2,11,16,9,6,2,2,0,0,,,,,
34,Sun,4/24/22,16:30 (11:30),Liverpool,1.7,2–0,0.4,Everton,4,0.9,"53,213",Anfield,Stuart Attwell,2,0,0,0,8,8,13,1,2,5,0,0,,,,,
36,Sun,5/8/22,14:00 (09:00),Leicester City,1.5,1–2,1.1,Everton,141,123,"32,001",King Power Stadium,Craig Pawson,1,2,1,2,11,6,6,1,3,0,0,0,,,,,
30,Wed,5/11/22,19:45 (14:45),Watford,0.3,0–0,0.7,Everton,211,200,"20,653",Vicarage Road Stadium,Mike Dean,0,0,0,0,5,12,1,13,1,2,0,0,,,,,
38,Sun,5/22/22,16:00 (11:00),Arsenal,4.2,5–1,1.1,Everton,238,209,"60,201",Emirates Stadium,Andre Marriner,5,1,2,1,8,9,12,2,0,1,0,0,,,,,
1,Sat,8/14/21,12:30 (07:30),Manchester Utd,1.5,5–1,0.5,Leeds United,54,48.3,"72,732",Old Trafford,Paul Tierney,5,1,1,0,11,9,5,4,1,2,0,0,18,-19,-18,,
3,Sun,8/29/21,14:00 (09:00),Burnley,1,1–1,1.2,Leeds United,61,33.6,"20,000",Turf Moor,Michael Oliver,1,1,0,0,13,9,5,5,4,3,0,0,,,,,
5,Fri,9/17/21,20:00 (15:00),Newcastle Utd,1.3,1–1,1.5,Leeds United,115,109,"50,407",St. James' Park,Mike Dean,1,1,1,1,9,11,4,5,2,2,0,0,,,,,
8,Sat,10/16/21,15:00 (10:00),Southampton,1.9,1–0,0.2,Leeds United,260,235,"30,506",St. Mary's Stadium,David Coote,1,0,0,0,16,14,8,1,2,3,0,0,,,,,
10,Sun,10/31/21,14:00 (10:00),Norwich City,0.8,1–2,0.7,Leeds United,210,175,"26,913",Carrow Road,Anthony Taylor,1,2,0,0,14,23,5,0,1,4,0,0,,,,,
12,Sun,11/21/21,16:30 (11:30),Tottenham,2.1,2–1,1.4,Leeds United,210,194,"58,989",Tottenham Hotspur Stadium,Andre Marriner,2,1,0,1,11,12,4,8,1,4,0,0,,,,,
13,Sat,11/27/21,17:30 (12:30),Brighton,2.1,0–0,0.6,Leeds United,262,257,"31,166",The American Express Community Stadium,Craig Pawson,0,0,0,0,12,14,6,1,1,3,0,0,,,,,
16,Sat,12/11/21,15:00 (10:00),Chelsea,2.5,3–2,1.4,Leeds United,218,198,"39,959",Stamford Bridge,Chris Kavanagh,3,2,1,1,9,15,5,2,2,5,0,0,,,,,
17,Tue,12/14/21,20:00 (15:00),Manchester City,3.1,7–0,0.3,Leeds United,51,39.3,"52,401",Etihad Stadium,Paul Tierney,7,0,3,0,5,9,6,2,1,1,0,0,,,,,
22,Sun,1/16/22,14:00 (09:00),West Ham,2.4,2–3,2.2,Leeds United,216,200,"59,951",London Stadium,Mike Dean,2,3,1,2,6,9,4,3,3,2,0,0,,,,,
24,Wed,2/9/22,20:00 (15:00),Aston Villa,1.6,3–3,1.8,Leeds United,119,117,"41,927",Villa Park,Jarred Gillett,3,3,3,2,11,9,6,11,1,3,1,0,,,,,
25,Sat,2/12/22,15:00 (10:00),Everton,2.7,3–0,0.3,Leeds United,76,72.9,"39,150",Goodison Park,Graham Scott,3,0,2,0,8,9,5,3,1,1,0,0,,,,,
19,Wed,2/23/22,19:45 (14:45),Liverpool,5.9,6–0,0.2,Leeds United,77,71,"53,018",Anfield,Michael Oliver,6,0,3,0,5,11,4,0,0,3,0,0,,,,,
28,Sat,3/5/22,12:30 (07:30),Leicester City,0.4,1–0,1.7,Leeds United,110,101,"32,236",King Power Stadium,David Coote,1,0,0,0,9,12,5,10,1,2,0,0,,,,,
30,Fri,3/18/22,20:00 (16:00),Wolves,1.2,2–3,2,Leeds United,131,120,"31,842",Molineux Stadium,Kevin Friend,2,3,2,0,13,14,2,5,1,4,1,0,,,,,
32,Sat,4/9/22,15:00 (10:00),Watford,1.1,0–3,0.7,Leeds United,188,179,"20,957",Vicarage Road Stadium,Andre Marriner,0,3,0,1,8,12,3,8,2,0,0,0,,,,,
34,Mon,4/25/22,20:00 (15:00),Crystal Palace,1.9,0–0,0.5,Leeds United,250,207,"25,357",Selhurst Park,Darren England,0,0,0,0,12,13,6,3,2,2,0,0,,,,,
36,Sun,5/8/22,14:00 (09:00),Arsenal,2,2–1,0.3,Leeds United,219,192,"60,108",Emirates Stadium,Chris Kavanagh,2,1,2,0,13,15,8,2,2,2,0,1,,,,,
38,Sun,5/22/22,16:00 (11:00),Brentford,0.8,1–2,1.3,Leeds United,210,194,"16,957",Brentford Community Stadium,Paul Tierney,1,2,0,0,11,13,3,2,2,1,1,0,,,,,
2,Mon,8/23/21,20:00 (15:00),West Ham,2.3,4–1,0.6,Leicester City,126,117,"59,901",London Stadium,Michael Oliver,4,1,1,0,8,8,10,0,0,1,0,1,8,11,-8,,
3,Sat,8/28/21,15:00 (10:00),Norwich City,1.5,1–2,1.5,Leicester City,156,133,"26,765",Carrow Road,Robert Jones,1,2,1,1,8,9,9,9,2,1,0,0,,,,,
5,Sun,9/19/21,14:00 (09:00),Brighton,1.7,2–1,1.6,Leicester City,171,164,"31,078",The American Express Community Stadium,Stuart Attwell,2,1,1,0,8,10,4,9,2,1,0,0,,,,,
7,Sun,10/3/21,14:00 (09:00),Crystal Palace,1.5,2–2,1.2,Leicester City,153,113,"25,000",Selhurst Park,Anthony Taylor,2,2,0,2,15,11,1,3,2,3,0,0,,,,,
9,Sun,10/24/21,14:00 (09:00),Brentford,1,1–2,1.5,Leicester City,119,101,"16,814",Brentford Community Stadium,Simon Hooper,1,2,0,1,13,7,9,2,1,1,0,0,,,,,
11,Sun,11/7/21,14:00 (09:00),Leeds United,1.3,1–1,0.7,Leicester City,110,101,"36,478",Elland Road,Darren England,1,1,1,1,12,5,10,5,1,1,0,0,,,,,
14,Wed,12/1/21,19:30 (14:30),Southampton,1.5,2–2,1.5,Leicester City,163,141,"26,951",St. Mary's Stadium,Robert Jones,2,2,2,1,14,11,2,4,1,3,0,0,,,,,
15,Sun,12/5/21,16:30 (11:30),Aston Villa,2.1,2–1,1.1,Leicester City,50,41.6,"41,572",Villa Park,Michael Oliver,2,1,1,1,8,25,3,6,1,1,0,0,,,,,
19,Sun,12/26/21,15:00 (10:00),Manchester City,3.6,6–3,2.7,Leicester City,131,109,"53,226",Etihad Stadium,Chris Kavanagh,6,3,4,0,11,9,14,4,1,2,0,0,,,,,
24,Thu,2/10/22,19:45 (14:45),Liverpool,1.8,2–0,0.5,Leicester City,134,120,"53,050",Anfield,Chris Kavanagh,2,0,1,0,11,7,7,6,1,0,0,0,,,,,
26,Sun,2/20/22,16:30 (11:30),Wolves,0.5,2–1,1.7,Leicester City,66,55.8,"31,587",Molineux Stadium,Craig Pawson,2,1,1,1,12,9,7,10,4,4,0,0,,,,,
22,Tue,3/1/22,19:45 (14:45),Burnley,0.9,0–2,1.5,Leicester City,158,137,"17,825",Turf Moor,Chris Kavanagh,0,2,0,0,10,13,6,8,1,1,0,0,,,,,
29,Sun,3/13/22,16:30 (12:30),Arsenal,2.4,2–0,0.4,Leicester City,131,98.5,"60,111",Emirates Stadium,Anthony Taylor,2,0,1,0,8,10,2,6,0,3,0,0,,,,,
31,Sat,4/2/22,17:30 (12:30),Manchester Utd,0.9,1–1,0.8,Leicester City,123,108,"73,444",Old Trafford,Andre Marriner,1,1,0,0,13,6,6,5,2,2,0,0,,,,,
33,Sun,4/17/22,14:15 (09:15),Newcastle Utd,1.8,2–1,0.6,Leicester City,199,194,"52,104",St. James' Park,Jarred Gillett,2,1,1,1,10,10,3,5,2,2,0,0,,,,,
18,Wed,4/20/22,19:45 (14:45),Everton,1.8,1–1,0.9,Leicester City,141,123,"39,153",Goodison Park,David Coote,1,1,0,1,8,17,5,4,3,1,0,0,,,,,
35,Sun,5/1/22,14:00 (09:00),Tottenham,1.2,3–1,0.5,Leicester City,114,100,"59,482",Tottenham Hotspur Stadium,Jonathan Moss,3,1,1,0,13,8,7,3,2,3,0,0,,,,,
37,Sun,5/15/22,14:00 (09:00),Watford,1.4,1–5,2.5,Leicester City,89,85.7,"20,257",Vicarage Road Stadium,Jarred Gillett,1,5,1,2,4,6,7,3,0,1,0,0,,,,,
27,Thu,5/19/22,20:00 (15:00),Chelsea,1.6,1–1,0.1,Leicester City,127,105,"31,478",Stamford Bridge,Stuart Attwell,1,1,1,1,13,7,6,0,4,1,0,0,,,,,
1,Sat,8/14/21,17:30 (12:30),Norwich City,1.4,0–3,1.6,Liverpool,274,241,"27,023",Carrow Road,Andre Marriner,0,3,0,1,4,14,3,11,1,1,0,0,-28,40,28,,
4,Sun,9/12/21,16:30 (11:30),Leeds United,1.2,0–3,4.3,Liverpool,77,71,"36,507",Elland Road,Craig Pawson,0,3,0,1,9,8,2,11,2,1,1,0,,,,,
6,Sat,9/25/21,17:30 (12:30),Brentford,2.1,3–3,2.8,Liverpool,220,216,"16,876",Brentford Community Stadium,Stuart Attwell,3,3,1,1,8,7,2,11,1,1,0,0,,,,,
8,Sat,10/16/21,12:30 (07:30),Watford,0.5,0–5,3.3,Liverpool,209,196,"21,085",Vicarage Road Stadium,Jonathan Moss,0,5,0,2,4,10,1,9,0,0,0,0,,,,,
9,Sun,10/24/21,16:30 (11:30),Manchester Utd,1.6,0–5,3.4,Liverpool,43,31.8,"73,088",Old Trafford,Anthony Taylor,0,5,0,4,10,8,6,3,6,0,1,0,,,,,
11,Sun,11/7/21,16:30 (11:30),West Ham,1,3–2,1.2,Liverpool,242,228,"59,909",London Stadium,Craig Pawson,3,2,1,1,11,6,3,2,1,1,0,0,,,,,
14,Wed,12/1/21,20:15 (15:15),Everton,0.7,1–4,2.4,Liverpool,4,0.9,"39,641",Goodison Park,Paul Tierney,1,4,1,2,8,16,3,11,4,3,0,0,,,,,
15,Sat,12/4/21,15:00 (10:00),Wolves,0.1,0–1,2.7,Liverpool,101,87,"30,729",Molineux Stadium,Chris Kavanagh,0,1,0,0,4,7,2,8,2,2,0,0,,,,,
18,Sun,12/19/21,16:30 (11:30),Tottenham,3,2–2,1.1,Liverpool,231,211,"45,421",Tottenham Hotspur Stadium,Paul Tierney,2,2,1,1,12,11,6,4,4,4,0,1,,,,,
20,Tue,12/28/21,20:00 (15:00),Leicester City,0.4,1–0,2.3,Liverpool,134,120,"32,230",King Power Stadium,Michael Oliver,1,0,0,0,8,11,1,12,0,1,0,0,,,,,
21,Sun,1/2/22,16:30 (11:30),Chelsea,1.2,2–2,1.3,Liverpool,230,220,"40,072",Stamford Bridge,Anthony Taylor,2,2,2,2,5,13,6,7,1,2,0,0,,,,,
23,Sun,1/23/22,14:00 (09:00),Crystal Palace,2.2,1–3,1.9,Liverpool,258,229,"25,002",Selhurst Park,Kevin Friend,1,3,0,2,12,10,2,5,4,1,0,0,,,,,
25,Sun,2/13/22,14:00 (09:00),Burnley,1.5,0–1,1.7,Liverpool,61,51,"19,563",Turf Moor,Martin Atkinson,0,1,0,1,7,6,5,8,0,1,0,0,,,,,
29,Sat,3/12/22,12:30 (07:30),Brighton,0.5,0–2,2.2,Liverpool,272,270,"31,474",The American Express Community Stadium,Mike Dean,0,2,0,1,12,15,7,6,3,1,0,0,,,,,
27,Wed,3/16/22,20:15 (16:15),Arsenal,0.5,0–2,0.8,Liverpool,237,209,"59,968",Emirates Stadium,Andre Marriner,0,2,0,0,9,9,1,6,0,1,0,0,,,,,
32,Sun,4/10/22,16:30 (11:30),Manchester City,1.3,2–2,1.3,Liverpool,47,35.2,"53,197",Etihad Stadium,Anthony Taylor,2,2,2,1,9,11,4,1,1,4,0,0,,,,,
35,Sat,4/30/22,12:30 (07:30),Newcastle Utd,0.2,0–1,2.3,Liverpool,189,179,"52,281",St. James' Park,Andre Marriner,0,1,0,1,11,11,0,6,1,3,0,0,,,,,
33,Tue,5/10/22,20:00 (15:00),Aston Villa,1.4,1–2,1.8,Liverpool,107,97,"41,919",Villa Park,Jonathan Moss,1,2,1,1,10,12,2,3,0,0,0,0,,,,,
37,Tue,5/17/22,19:45 (14:45),Southampton,0.1,1–2,1.3,Liverpool,257,237,"31,588",St. Mary's Stadium,Martin Atkinson,1,2,1,1,6,6,1,9,2,0,0,0,,,,,
1,Sun,8/15/21,16:30 (11:30),Tottenham,1,1–0,1.8,Manchester City,224,200,"58,262",Tottenham Hotspur Stadium,Anthony Taylor,1,0,0,0,11,8,3,11,2,1,0,0,-30,43,30,,
4,Sat,9/11/21,15:00 (10:00),Leicester City,0.6,0–1,2.8,Manchester City,131,109,"32,087",King Power Stadium,Paul Tierney,0,1,0,0,4,11,5,8,1,2,0,0,,,,,
6,Sat,9/25/21,12:30 (07:30),Chelsea,0.2,0–1,1.7,Manchester City,227,210,"40,036",Stamford Bridge,Michael Oliver,0,1,0,0,12,10,4,13,3,2,0,0,,,,,
7,Sun,10/3/21,16:30 (11:30),Liverpool,0.9,2–2,1.2,Manchester City,47,35.2,"53,102",Anfield,Paul Tierney,2,2,0,0,10,12,3,4,3,3,0,0,,,,,
9,Sat,10/23/21,17:30 (12:30),Brighton,1.3,1–4,3.8,Manchester City,270,260,"31,215",The American Express Community Stadium,Kevin Friend,1,4,0,3,10,6,7,6,2,3,0,0,,,,,
11,Sat,11/6/21,12:30 (08:30),Manchester Utd,0.9,0–2,1.6,Manchester City,10,4.2,"73,086",Old Trafford,Michael Oliver,0,2,0,2,9,12,1,9,1,2,0,0,,,,,
14,Wed,12/1/21,20:15 (15:15),Aston Villa,0.8,1–2,1,Manchester City,141,86.8,"41,400",Villa Park,Mike Dean,1,2,0,2,8,12,4,11,0,0,0,0,,,,,
15,Sat,12/4/21,17:30 (12:30),Watford,0.8,1–3,3.1,Manchester City,202,186,"20,673",Vicarage Road Stadium,Simon Hooper,1,3,0,2,10,7,5,11,3,0,0,0,,,,,
18,Sun,12/19/21,14:15 (09:15),Newcastle Utd,0.3,0–4,2.9,Manchester City,161,149,"52,127",St. James' Park,Martin Atkinson,0,4,0,2,9,6,3,6,1,2,0,0,,,,,
20,Wed,12/29/21,20:15 (15:15),Brentford,0.4,0–1,1.1,Manchester City,215,205,"17,009",Brentford Community Stadium,David Coote,0,1,0,1,12,10,3,5,0,0,0,0,,,,,
21,Sat,1/1/22,12:30 (07:30),Arsenal,0.8,1–2,2,Manchester City,232,198,"59,757",Emirates Stadium,Stuart Attwell,1,2,1,0,13,5,5,5,3,2,1,0,,,,,
23,Sat,1/22/22,17:30 (12:30),Southampton,0.8,1–1,1.8,Manchester City,250,226,"31,178",St. Mary's Stadium,Simon Hooper,1,1,1,0,13,5,2,11,3,0,0,0,,,,,
25,Sat,2/12/22,17:30 (12:30),Norwich City,0.4,0–4,4.6,Manchester City,240,188,"27,010",Carrow Road,Andre Marriner,0,4,0,1,7,8,4,12,0,2,0,0,,,,,
27,Sat,2/26/22,17:30 (12:30),Everton,0.5,0–1,1.8,Manchester City,48,38,"39,105",Goodison Park,Paul Tierney,0,1,0,0,7,14,3,4,3,2,0,0,,,,,
29,Mon,3/14/22,20:00 (16:00),Crystal Palace,0.6,0–0,2.8,Manchester City,252,218,"25,309",Selhurst Park,Martin Atkinson,0,0,0,0,6,11,2,6,3,1,0,0,,,,,
31,Sat,4/2/22,15:00 (10:00),Burnley,0.1,0–2,1.8,Manchester City,41,25.5,"21,249",Turf Moor,Craig Pawson,0,2,0,2,11,6,1,8,1,0,0,0,,,,,
35,Sat,4/30/22,17:30 (12:30),Leeds United,1.3,0–4,2.4,Manchester City,51,39.3,"35,771",Elland Road,Paul Tierney,0,4,0,1,13,3,3,6,1,2,0,0,,,,,
33,Wed,5/11/22,20:15 (15:15),Wolves,0.5,1–5,2.3,Manchester City,91,76.2,"32,000",Molineux Stadium,Martin Atkinson,1,5,1,3,2,10,6,2,0,1,0,0,,,,,
37,Sun,5/15/22,14:00 (09:00),West Ham,1.1,2–2,2.4,Manchester City,236,217,"59,972",London Stadium,Anthony Taylor,2,2,2,0,9,5,4,9,3,1,0,0,,,,,
2,Sun,8/22/21,14:00 (09:00),Southampton,0.7,1–1,1.8,Manchester Utd,243,225,"32,000",St. Mary's Stadium,Craig Pawson,1,1,1,0,12,10,7,7,2,3,0,0,10,10,-10,,
3,Sun,8/29/21,16:30 (11:30),Wolves,2.1,0–1,0.6,Manchester Utd,85,75.1,"30,621",Molineux Stadium,Mike Dean,0,1,0,0,7,9,5,7,3,4,0,0,,,,,
5,Sun,9/19/21,14:00 (09:00),West Ham,1.6,1–2,2,Manchester Utd,229,216,"60,000",London Stadium,Martin Atkinson,1,2,1,1,5,8,2,11,0,0,0,0,,,,,
8,Sat,10/16/21,15:00 (10:00),Leicester City,2.4,4–2,1.2,Manchester Utd,123,108,"32,219",King Power Stadium,Craig Pawson,4,2,1,1,5,17,4,3,0,3,0,0,,,,,
10,Sat,10/30/21,17:30 (12:30),Tottenham,1,0–3,1.5,Manchester Utd,217,199,"60,356",Tottenham Hotspur Stadium,Stuart Attwell,0,3,0,1,12,14,10,2,2,3,0,0,,,,,
12,Sat,11/20/21,15:00 (10:00),Watford,2.7,4–1,1.4,Manchester Utd,86,75.1,"21,087",Vicarage Road Stadium,Jonathan Moss,4,1,2,0,7,5,9,3,2,1,0,1,,,,,
13,Sun,11/28/21,16:30 (11:30),Chelsea,2.7,1–1,0.9,Manchester Utd,218,208,"40,041",Stamford Bridge,Anthony Taylor,1,1,0,0,13,14,15,2,2,5,0,0,,,,,
16,Sat,12/11/21,17:30 (12:30),Norwich City,1.2,0–1,2,Manchester Utd,250,219,"27,606",Carrow Road,Darren England,0,1,0,0,6,17,8,6,1,1,0,0,,,,,
19,Mon,12/27/21,20:00 (15:00),Newcastle Utd,1.3,1–1,1.6,Manchester Utd,164,157,"52,178",St. James' Park,Craig Pawson,1,1,1,0,11,8,2,4,3,3,0,0,,,,,
22,Sat,1/15/22,17:30 (12:30),Aston Villa,1.9,2–2,1,Manchester Utd,94,85.5,"41,968",Villa Park,David Coote,2,2,0,1,8,13,3,6,1,2,0,0,,,,,
17,Wed,1/19/22,20:00 (15:00),Brentford,2.3,1–3,2.3,Manchester Utd,209,203,"17,094",Brentford Community Stadium,Andre Marriner,1,3,0,0,7,9,6,9,0,0,0,0,,,,,
24,Tue,2/8/22,20:00 (15:00),Burnley,0.4,1–1,1.8,Manchester Utd,43,31.6,"21,233",Turf Moor,Mike Dean,1,1,0,1,11,10,2,10,2,1,0,0,,,,,
26,Sun,2/20/22,14:00 (09:00),Leeds United,1.8,2–4,2.2,Manchester Utd,54,48.3,"36,715",Elland Road,Paul Tierney,2,4,0,2,13,19,3,3,6,3,0,0,,,,,
28,Sun,3/6/22,16:30 (11:30),Manchester City,2.7,4–1,0.5,Manchester Utd,10,4.2,"53,165",Etihad Stadium,Michael Oliver,4,1,2,1,10,14,9,3,0,1,0,0,,,,,
32,Sat,4/9/22,12:30 (07:30),Everton,0.4,1–0,0.8,Manchester Utd,45,34.5,"39,080",Goodison Park,Jonathan Moss,1,0,1,0,4,10,5,7,2,2,0,0,,,,,
30,Tue,4/19/22,20:00 (15:00),Liverpool,2,4–0,0.1,Manchester Utd,43,31.8,"52,686",Anfield,Martin Atkinson,4,0,2,0,3,6,10,2,1,2,0,0,,,,,
34,Sat,4/23/22,12:30 (07:30),Arsenal,2.3,3–1,1.8,Manchester Utd,225,197,"60,223",Emirates Stadium,Craig Pawson,3,1,2,1,9,12,1,7,3,4,0,0,,,,,
36,Sat,5/7/22,17:30 (12:30),Brighton,2.3,4–0,0.9,Manchester Utd,261,259,"31,637",The American Express Community Stadium,Andy Madley,4,0,1,0,13,9,7,6,0,2,0,0,,,,,
38,Sun,5/22/22,16:00 (11:00),Crystal Palace,0.6,1–0,0.7,Manchester Utd,246,217,"25,434",Selhurst Park,Martin Atkinson,1,0,1,0,12,22,3,6,2,4,0,0,,,,,
2,Sat,8/21/21,15:00 (10:00),Aston Villa,1.2,2–0,0.7,Newcastle Utd,217,211,"41,964",Villa Park,David Coote,2,0,1,0,8,18,3,4,3,4,0,0,17,-1,-17,,
4,Sat,9/11/21,15:00 (10:00),Manchester Utd,2.5,4–1,0.4,Newcastle Utd,164,157,"72,732",Old Trafford,Anthony Taylor,4,1,1,0,9,2,7,3,1,0,0,0,,,,,
6,Sat,9/25/21,15:00 (10:00),Watford,0.9,1–1,1.9,Newcastle Utd,278,267,"20,650",Vicarage Road Stadium,Jarred Gillett,1,1,0,1,19,12,5,6,4,3,0,0,,,,,
7,Sat,10/2/21,15:00 (10:00),Wolves,1,2–1,0.6,Newcastle Utd,225,204,"30,483",Molineux Stadium,Graham Scott,2,1,1,1,15,5,0,4,0,2,0,0,,,,,
9,Sat,10/23/21,15:00 (10:00),Crystal Palace,1.9,1–1,0.3,Newcastle Utd,345,300,"24,609",Selhurst Park,Darren England,1,1,0,0,13,9,3,7,3,4,0,0,,,,,
11,Sat,11/6/21,17:30 (13:30),Brighton,1.5,1–1,0.3,Newcastle Utd,362,351,"31,267",The American Express Community Stadium,David Coote,1,1,1,0,16,10,2,5,3,4,1,0,,,,,
13,Sat,11/27/21,12:30 (07:30),Arsenal,2.5,2–0,0.3,Newcastle Utd,305,286,"59,886",Emirates Stadium,Stuart Attwell,2,0,0,0,6,12,4,4,1,3,0,0,,,,,
16,Sun,12/12/21,14:00 (09:00),Leicester City,2.6,4–0,1,Newcastle Utd,199,194,"31,959",King Power Stadium,Peter Bankes,4,0,1,0,9,16,4,6,2,3,0,0,,,,,
17,Thu,12/16/21,20:00 (15:00),Liverpool,2.7,3–1,0.3,Newcastle Utd,189,179,"52,951",Anfield,Mike Dean,3,1,2,1,9,4,11,0,1,3,0,0,,,,,
23,Sat,1/22/22,15:00 (10:00),Leeds United,0.7,0–1,0.9,Newcastle Utd,115,109,"36,405",Elland Road,Chris Kavanagh,0,1,0,0,9,9,6,7,4,2,0,0,,,,,
26,Sat,2/19/22,12:30 (07:30),West Ham,0.6,1–1,0.8,Newcastle Utd,294,282,"59,949",London Stadium,Chris Kavanagh,1,1,1,1,3,7,3,7,3,3,0,0,,,,,
27,Sat,2/26/22,15:00 (10:00),Brentford,0.4,0–2,2.7,Newcastle Utd,304,296,"17,039",Brentford Community Stadium,Mike Dean,0,2,0,2,9,7,6,6,3,1,1,0,,,,,
21,Thu,3/10/22,19:30 (14:30),Southampton,1.1,1–2,0.6,Newcastle Utd,344,322,"30,056",St. Mary's Stadium,Kevin Friend,1,2,1,1,6,7,12,5,1,1,0,0,,,,,
29,Sun,3/13/22,14:00 (10:00),Chelsea,1.1,1–0,0.3,Newcastle Utd,315,292,"40,026",Stamford Bridge,David Coote,1,0,0,0,17,16,7,2,4,3,0,0,,,,,
20,Thu,3/17/22,19:45 (15:45),Everton,0.7,1–0,0.9,Newcastle Utd,191,176,"39,068",Goodison Park,Craig Pawson,1,0,0,0,13,11,5,7,2,1,1,0,,,,,
31,Sun,4/3/22,16:30 (11:30),Tottenham,3.1,5–1,0.5,Newcastle Utd,294,282,"57,553",Tottenham Hotspur Stadium,Martin Atkinson,5,1,1,1,10,7,2,3,2,3,0,0,,,,,
34,Sat,4/23/22,15:00 (10:00),Norwich City,0.6,0–3,1.9,Newcastle Utd,291,258,"26,910",Carrow Road,Chris Kavanagh,0,3,0,2,11,10,2,3,0,2,0,0,,,,,
36,Sun,5/8/22,16:30 (11:30),Manchester City,3.1,5–0,0.8,Newcastle Utd,161,149,"53,336",Etihad Stadium,Stuart Attwell,5,0,2,0,6,11,8,2,1,3,0,0,,,,,
38,Sun,5/22/22,16:00 (11:00),Burnley,1.6,1–2,1.8,Newcastle Utd,256,232,"21,361",Turf Moor,Craig Pawson,1,2,0,1,8,9,8,2,1,0,0,0,,,,,
2,Sat,8/21/21,15:00 (10:00),Manchester City,2.6,5–0,0.1,Norwich City,240,188,"51,437",Etihad Stadium,Graham Scott,5,0,2,0,13,7,6,1,1,0,0,0,30,-31,-30,,
4,Sat,9/11/21,15:00 (10:00),Arsenal,2.7,1–0,0.7,Norwich City,139,116,"58,000",Emirates Stadium,Michael Oliver,1,0,0,0,9,11,8,4,1,2,0,0,,,,,
6,Sat,9/25/21,15:00 (10:00),Everton,1.9,2–0,0.5,Norwich City,277,244,"38,821",Goodison Park,David Coote,2,0,1,0,12,9,6,4,2,3,0,0,,,,,
7,Sat,10/2/21,15:00 (10:00),Burnley,1.2,0–0,0.6,Norwich City,265,226,"17,427",Turf Moor,Kevin Friend,0,0,0,0,13,3,9,5,5,2,0,0,,,,,
9,Sat,10/23/21,12:30 (07:30),Chelsea,3.1,7–0,0.1,Norwich City,162,124,"40,113",Stamford Bridge,Andy Madley,7,0,3,0,14,16,5,0,0,2,0,1,,,,,
11,Sat,11/6/21,15:00 (11:00),Brentford,2.5,1–2,1.2,Norwich City,154,126,"16,837",Brentford Community Stadium,Jarred Gillett,1,2,0,2,12,13,6,2,2,3,0,0,,,,,
14,Tue,11/30/21,19:30 (14:30),Newcastle Utd,1.1,1–1,1.2,Norwich City,291,258,"50,757",St. James' Park,Andy Madley,1,1,0,0,8,11,2,5,0,0,0,1,,,,,
15,Sun,12/5/21,14:00 (09:00),Tottenham,1.6,3–0,1.2,Norwich City,123,111,"57,088",Tottenham Hotspur Stadium,Jarred Gillett,3,0,1,0,11,4,6,4,1,2,0,0,,,,,
20,Tue,12/28/21,15:00 (10:00),Crystal Palace,1.9,3–0,0.9,Norwich City,158,126,"24,433",Selhurst Park,Paul Tierney,3,0,3,0,9,13,8,8,1,2,0,0,,,,,
18,Wed,1/12/22,19:45 (14:45),West Ham,2.5,2–0,0.3,Norwich City,124,111,"59,775",London Stadium,Simon Hooper,2,0,1,0,9,8,11,2,0,0,0,0,,,,,
23,Fri,1/21/22,20:00 (15:00),Watford,1.2,0–3,1.1,Norwich City,140,117,"20,782",Vicarage Road Stadium,Mike Dean,0,3,0,0,16,11,5,1,0,1,1,0,,,,,
26,Sat,2/19/22,15:00 (10:00),Liverpool,3.6,3–1,0.6,Norwich City,274,241,"53,135",Anfield,Mike Dean,3,1,0,0,7,8,9,4,0,1,0,0,,,,,
27,Fri,2/25/22,20:00 (15:00),Southampton,2.6,2–0,0.6,Norwich City,220,205,"31,182",St. Mary's Stadium,Simon Hooper,2,0,1,0,12,9,13,6,1,2,0,0,,,,,
29,Sun,3/13/22,14:00 (10:00),Leeds United,2.5,2–1,1.5,Norwich City,210,175,"36,321",Elland Road,Stuart Attwell,2,1,1,0,18,8,6,2,3,1,0,0,,,,,
31,Sat,4/2/22,15:00 (10:00),Brighton,2.8,0–0,0.4,Norwich City,183,177,"31,245",The American Express Community Stadium,Simon Hooper,0,0,0,0,12,11,11,2,1,1,0,0,,,,,
33,Sat,4/16/22,15:00 (10:00),Manchester Utd,1.9,3–2,1.5,Norwich City,250,219,"73,381",Old Trafford,Andy Madley,3,2,2,1,7,6,6,7,0,0,0,0,,,,,
35,Sat,4/30/22,15:00 (10:00),Aston Villa,1.8,2–0,0.5,Norwich City,168,161,"40,290",Villa Park,John Brooks,2,0,1,0,16,8,2,3,4,1,0,0,,,,,
21,Wed,5/11/22,19:45 (14:45),Leicester City,2,3–0,1.1,Norwich City,156,133,"38,092",King Power Stadium,Simon Hooper,3,0,0,0,10,5,10,2,0,0,0,0,,,,,
37,Sun,5/15/22,14:00 (09:00),Wolves,0.9,1–1,1.1,Norwich City,196,179,"31,219",Molineux Stadium,Tony Harrington,1,1,0,1,5,10,5,3,0,3,0,0,,,,,
1,Sat,8/14/21,15:00 (10:00),Everton,2.4,3–1,0.8,Southampton,259,240,"38,487",Goodison Park,Andy Madley,3,1,0,1,13,15,6,8,2,0,0,0,23,-1,-23,,
3,Sat,8/28/21,15:00 (10:00),Newcastle Utd,1,2–2,3.6,Southampton,344,322,"44,017",St. James' Park,Paul Tierney,2,2,0,0,11,6,4,4,3,3,0,0,,,,,
5,Sat,9/18/21,15:00 (10:00),Manchester City,1,0–0,0.4,Southampton,250,226,"52,698",Etihad Stadium,Jonathan Moss,0,0,0,0,5,12,8,5,0,2,0,0,,,,,
7,Sat,10/2/21,15:00 (10:00),Chelsea,3.3,3–1,1.3,Southampton,90,77.7,"40,109",Stamford Bridge,Martin Atkinson,3,1,1,0,11,13,7,2,1,3,0,1,,,,,
10,Sat,10/30/21,15:00 (10:00),Watford,1,0–1,1.8,Southampton,91,80.1,"20,869",Vicarage Road Stadium,Peter Bankes,0,1,0,1,16,6,5,8,2,2,0,0,,,,,
12,Sat,11/20/21,15:00 (10:00),Norwich City,0.5,2–1,1,Southampton,220,205,"26,885",Carrow Road,Martin Atkinson,2,1,1,1,8,9,5,7,3,2,0,0,,,,,
13,Sat,11/27/21,15:00 (10:00),Liverpool,2.9,4–0,1,Southampton,274,241,"53,040",Anfield,Andre Marriner,4,0,3,0,7,14,5,7,0,1,0,0,,,,,
16,Sat,12/11/21,15:00 (10:00),Arsenal,1.8,3–0,0.6,Southampton,139,116,"59,653",Emirates Stadium,Jarred Gillett,3,0,2,0,5,9,9,8,2,0,0,0,,,,,
17,Wed,12/15/21,19:30 (14:30),Crystal Palace,1.2,2–2,0.6,Southampton,106,85.2,"22,861",Selhurst Park,Simon Hooper,2,2,1,2,16,20,4,6,2,4,0,0,,,,,
19,Sun,12/26/21,15:00 (10:00),West Ham,1.6,2–3,1.2,Southampton,125,98.3,"41,027",London Stadium,Kevin Friend,2,3,0,1,10,9,10,2,2,3,0,0,,,,,
22,Sat,1/15/22,15:00 (10:00),Wolves,2.5,3–1,0.8,Southampton,172,159,"30,057",Molineux Stadium,Michael Salisbury,3,1,1,0,13,14,2,10,2,3,0,0,,,,,
24,Wed,2/9/22,19:45 (14:45),Tottenham,1.4,2–3,2.2,Southampton,112,88.1,"54,012",Tottenham Hotspur Stadium,David Coote,2,3,1,1,7,13,2,8,2,3,0,0,,,,,
25,Sat,2/12/22,12:30 (07:30),Manchester Utd,2.1,1–1,0.8,Southampton,243,225,"73,084",Old Trafford,Stuart Attwell,1,1,1,0,12,13,1,4,4,0,0,0,,,,,
28,Sat,3/5/22,15:00 (10:00),Aston Villa,2.5,4–0,1.1,Southampton,155,142,"41,855",Villa Park,Peter Bankes,4,0,2,0,10,8,4,7,1,1,0,0,,,,,
31,Sat,4/2/22,15:00 (10:00),Leeds United,1.2,1–1,1.4,Southampton,260,235,"36,580",Elland Road,Anthony Taylor,1,1,1,0,14,7,4,7,1,1,0,0,,,,,
30,Thu,4/21/22,19:45 (14:45),Burnley,1.5,2–0,0.9,Southampton,274,254,"17,384",Turf Moor,Stuart Attwell,2,0,2,0,7,7,10,10,2,2,0,0,,,,,
34,Sun,4/24/22,14:00 (09:00),Brighton,1.7,2–2,0.9,Southampton,76,64.8,"31,335",The American Express Community Stadium,Robert Jones,2,2,2,1,12,7,6,6,1,0,0,0,,,,,
36,Sat,5/7/22,15:00 (10:00),Brentford,2.6,3–0,1.4,Southampton,79,73.3,"17,051",Brentford Community Stadium,Michael Salisbury,3,0,2,0,12,9,4,7,0,1,0,0,,,,,
38,Sun,5/22/22,16:00 (11:00),Leicester City,3.4,4–1,1.1,Southampton,163,141,"32,003",King Power Stadium,Jonathan Moss,4,1,0,0,10,5,3,3,0,1,0,0,,,,,
2,Sun,8/22/21,14:00 (09:00),Wolves,1.7,0–1,1.7,Tottenham,146,134,"30,368",Molineux Stadium,Stuart Attwell,0,1,0,1,9,7,5,4,1,4,0,0,-10,19,10,,
4,Sat,9/11/21,12:30 (07:30),Crystal Palace,2.1,3–0,0.1,Tottenham,55,27,"26,000",Selhurst Park,Jonathan Moss,3,0,0,0,13,15,8,2,2,1,0,1,,,,,
6,Sun,9/26/21,16:30 (11:30),Arsenal,1.1,3–1,1,Tottenham,19,4.5,"59,919",Emirates Stadium,Craig Pawson,3,1,3,0,12,13,4,4,2,1,0,0,,,,,
8,Sun,10/17/21,16:30 (11:30),Newcastle Utd,0.4,2–3,1.7,Tottenham,294,282,"52,214",St. James' Park,Andre Marriner,2,3,1,3,13,4,2,9,4,1,1,0,,,,,
9,Sun,10/24/21,14:00 (09:00),West Ham,1.3,1–0,0.7,Tottenham,21,7.2,"59,924",London Stadium,Paul Tierney,1,0,0,0,11,4,2,4,2,1,0,0,,,,,
11,Sun,11/7/21,14:00 (09:00),Everton,0.6,0–0,0.7,Tottenham,234,213,"39,059",Goodison Park,Chris Kavanagh,0,0,0,0,13,17,4,2,2,4,1,0,,,,,
20,Tue,12/28/21,15:00 (10:00),Southampton,0.4,1–1,2.3,Tottenham,112,88.1,"31,304",St. Mary's Stadium,Anthony Taylor,1,1,1,1,15,5,3,7,2,2,1,0,,,,,
21,Sat,1/1/22,15:00 (10:00),Watford,0.3,0–1,2.2,Tottenham,33,20.4,"20,391",Vicarage Road Stadium,Robert Jones,0,1,0,0,6,9,3,7,0,1,0,0,,,,,
17,Wed,1/19/22,19:30 (14:30),Leicester City,1.2,2–3,3.1,Tottenham,114,100,"31,986",King Power Stadium,Jonathan Moss,2,3,1,1,6,12,3,8,1,2,0,0,,,,,
23,Sun,1/23/22,16:30 (11:30),Chelsea,1.2,2–0,0.5,Tottenham,44,13.6,"40,020",Stamford Bridge,Paul Tierney,2,0,0,0,17,14,10,3,2,1,0,0,,,,,
26,Sat,2/19/22,17:30 (12:30),Manchester City,2.1,2–3,1.4,Tottenham,224,200,"53,201",Etihad Stadium,Anthony Taylor,2,3,1,1,5,7,10,0,0,3,0,0,,,,,
13,Wed,2/23/22,19:30 (14:30),Burnley,0.9,1–0,0.7,Tottenham,251,227,"19,488",Turf Moor,Graham Scott,1,0,0,0,8,8,3,7,0,0,0,0,,,,,
27,Sat,2/26/22,12:30 (07:30),Leeds United,1.5,0–4,1.9,Tottenham,210,194,"36,599",Elland Road,Craig Pawson,0,4,0,3,16,11,3,6,4,2,0,0,,,,,
29,Sat,3/12/22,17:30 (12:30),Manchester Utd,1,3–2,1.5,Tottenham,217,199,"73,458",Old Trafford,Jonathan Moss,3,2,2,1,8,7,4,5,2,1,0,0,,,,,
16,Wed,3/16/22,19:30 (15:30),Brighton,0.7,0–2,2.2,Tottenham,89,83.5,"31,144",The American Express Community Stadium,Robert Jones,0,2,0,1,11,9,6,3,2,2,0,0,,,,,
32,Sat,4/9/22,17:30 (12:30),Aston Villa,1.6,0–4,1.1,Tottenham,130,116,"41,949",Villa Park,Graham Scott,0,4,0,1,12,14,9,3,2,3,0,0,,,,,
34,Sat,4/23/22,17:30 (12:30),Brentford,0.9,0–0,0.6,Tottenham,43,16.6,"17,072",Brentford Community Stadium,Martin Atkinson,0,0,0,0,8,7,12,8,2,1,0,0,,,,,
36,Sat,5/7/22,19:45 (14:45),Liverpool,1.3,1–1,0.9,Tottenham,231,211,"53,177",Anfield,Michael Oliver,1,1,0,0,12,8,11,5,3,2,0,0,,,,,
38,Sun,5/22/22,16:00 (11:00),Norwich City,0.5,0–5,3.4,Tottenham,123,111,"27,022",Carrow Road,Chris Kavanagh,0,5,0,2,13,7,3,2,3,1,0,0,,,,,
2,Sat,8/21/21,17:30 (12:30),Brighton,1.3,2–0,0.5,Watford,89,81.6,"29,485",The American Express Community Stadium,Anthony Taylor,2,0,2,0,11,6,7,2,4,0,0,0,14,-29,-14,,
3,Sun,8/29/21,14:00 (09:00),Tottenham,1,1–0,0.8,Watford,33,20.4,"57,672",Tottenham Hotspur Stadium,Andre Marriner,1,0,1,0,8,14,10,3,3,3,0,0,,,,,
5,Sat,9/18/21,15:00 (10:00),Norwich City,1,1–3,2.4,Watford,140,117,"26,649",Carrow Road,Robert Jones,1,3,1,1,10,14,4,8,1,1,0,0,,,,,
7,Sat,10/2/21,15:00 (10:00),Leeds United,1.3,1–0,0.2,Watford,210,175,"36,261",Elland Road,Simon Hooper,1,0,1,0,10,16,6,3,0,3,0,0,,,,,
9,Sat,10/23/21,15:00 (10:00),Everton,1.5,2–5,3.7,Watford,211,200,"38,834",Goodison Park,Graham Scott,2,5,1,1,9,13,3,5,4,3,0,0,,,,,
11,Sun,11/7/21,14:00 (09:00),Arsenal,1.6,1–0,0.5,Watford,40,18.3,"59,833",Emirates Stadium,Kevin Friend,1,0,0,0,6,19,4,2,4,2,0,1,,,,,
13,Sun,11/28/21,14:00 (09:00),Leicester City,2.1,4–2,2.8,Watford,89,85.7,"32,020",King Power Stadium,Andy Madley,4,2,3,1,5,19,8,6,0,0,0,0,,,,,
16,Fri,12/10/21,20:00 (15:00),Brentford,1.6,2–1,0.5,Watford,40,21.1,"16,861",Brentford Community Stadium,Michael Oliver,2,1,0,1,12,18,8,2,4,0,0,0,,,,,
22,Sat,1/15/22,15:00 (10:00),Newcastle Utd,1.2,1–1,1.4,Watford,278,267,"52,223",St. James' Park,Paul Tierney,1,1,0,0,13,13,4,6,3,2,0,0,,,,,
17,Sat,2/5/22,18:00 (13:00),Burnley,0.6,0–0,0.8,Watford,228,213,"19,527",Turf Moor,Craig Pawson,0,0,0,0,16,9,4,7,1,2,0,0,,,,,
24,Tue,2/8/22,19:45 (14:45),West Ham,0.8,1–0,0.3,Watford,48,30.9,"59,581",London Stadium,Martin Atkinson,1,0,0,0,1,6,5,6,1,0,0,0,,,,,
26,Sat,2/19/22,15:00 (10:00),Aston Villa,1.3,0–1,1.2,Watford,106,102,"41,936",Villa Park,Robert Jones,0,1,0,0,12,7,10,5,1,2,0,0,,,,,
27,Sat,2/26/22,15:00 (10:00),Manchester Utd,2.8,0–0,0.6,Watford,86,75.1,"73,152",Old Trafford,Kevin Friend,0,0,0,0,2,7,4,3,0,0,0,0,,,,,
19,Thu,3/10/22,19:30 (14:30),Wolves,0.7,4–0,0.6,Watford,128,115,"29,658",Molineux Stadium,Darren England,4,0,2,0,11,10,5,2,2,2,0,0,,,,,
29,Sun,3/13/22,14:00 (10:00),Southampton,1.4,1–2,1.7,Watford,91,80.1,"28,863",St. Mary's Stadium,Graham Scott,1,2,1,2,8,12,11,3,3,2,0,0,,,,,
31,Sat,4/2/22,12:30 (07:30),Liverpool,2.2,2–0,0.6,Watford,209,196,"53,104",Anfield,Stuart Attwell,2,0,1,0,9,8,9,3,1,1,0,0,,,,,
34,Sat,4/23/22,15:00 (10:00),Manchester City,3.6,5–1,0.5,Watford,202,186,"53,013",Etihad Stadium,Kevin Friend,5,1,3,1,9,7,11,4,1,0,0,0,,,,,
36,Sat,5/7/22,15:00 (10:00),Crystal Palace,2.2,1–0,0.4,Watford,68,32.8,"24,622",Selhurst Park,Graham Scott,1,0,1,0,11,18,8,5,2,1,0,1,,,,,
38,Sun,5/22/22,16:00 (11:00),Chelsea,2.2,2–1,0.6,Watford,47,24.4,"32,089",Stamford Bridge,Mike Dean,2,1,1,0,9,9,3,3,0,0,0,0,,,,,
1,Sun,8/15/21,14:00 (09:00),Newcastle Utd,1.8,2–4,2.7,West Ham,294,282,"50,673",St. James' Park,Martin Atkinson,2,4,2,1,4,3,7,6,1,0,0,0,-2,7,2,,
4,Sat,9/11/21,15:00 (10:00),Southampton,0.7,0–0,0.7,West Ham,125,98.3,"30,000",St. Mary's Stadium,David Coote,0,0,0,0,10,12,5,4,3,1,0,1,,,,,
6,Sat,9/25/21,15:00 (10:00),Leeds United,1.2,1–2,1.6,West Ham,216,200,"36,417",Elland Road,Kevin Friend,1,2,1,0,10,6,5,7,3,2,0,0,,,,,
8,Sun,10/17/21,14:00 (09:00),Everton,0.9,0–1,1.2,West Ham,244,230,"39,132",Goodison Park,Stuart Attwell,0,1,0,0,3,3,7,9,0,2,0,0,,,,,
10,Sun,10/31/21,16:30 (12:30),Aston Villa,0.7,1–4,2.3,West Ham,140,133,"41,874",Villa Park,Chris Kavanagh,1,4,1,2,7,13,3,6,1,2,1,0,,,,,
12,Sat,11/20/21,15:00 (10:00),Wolves,1.4,1–0,0.4,West Ham,163,138,"30,667",Molineux Stadium,Mike Dean,1,0,0,0,6,9,7,3,1,1,0,0,,,,,
13,Sun,11/28/21,14:00 (09:00),Manchester City,2.1,2–1,0.2,West Ham,236,217,"53,245",Etihad Stadium,Michael Oliver,2,1,1,0,7,6,8,4,2,0,0,0,,,,,
16,Sun,12/12/21,14:00 (09:00),Burnley,0.8,0–0,0.8,West Ham,262,244,"18,065",Turf Moor,Graham Scott,0,0,0,0,13,11,6,4,2,1,0,0,,,,,
17,Wed,12/15/21,20:00 (15:00),Arsenal,2.8,2–0,0.4,West Ham,28,6,"59,777",Emirates Stadium,Anthony Taylor,2,0,0,0,8,9,5,2,2,0,0,1,,,,,
20,Tue,12/28/21,15:00 (10:00),Watford,1.6,1–4,3.6,West Ham,48,30.9,"20,073",Vicarage Road Stadium,Darren England,1,4,1,2,12,12,4,5,0,1,0,0,,,,,
21,Sat,1/1/22,17:30 (12:30),Crystal Palace,2.4,2–3,2.2,West Ham,39,14.5,"24,351",Selhurst Park,Darren England,2,3,0,3,6,16,9,1,0,2,0,0,,,,,
23,Sat,1/22/22,15:00 (10:00),Manchester Utd,1.9,1–0,0.3,West Ham,229,216,"73,130",Old Trafford,Jonathan Moss,1,0,0,0,9,8,3,3,1,1,0,0,,,,,
25,Sun,2/13/22,16:30 (11:30),Leicester City,1.4,2–2,1.1,West Ham,126,117,"32,061",King Power Stadium,Michael Oliver,2,2,1,1,10,9,5,4,1,2,0,0,,,,,
28,Sat,3/5/22,17:30 (12:30),Liverpool,2.4,1–0,1.3,West Ham,242,228,"59,925",Anfield,Jonathan Moss,1,0,1,0,7,7,4,6,2,1,0,0,,,,,
30,Sun,3/20/22,16:30 (12:30),Tottenham,3,3–1,0.6,West Ham,21,7.2,"58,685",Tottenham Hotspur Stadium,Anthony Taylor,3,1,2,1,7,7,5,3,0,1,0,0,,,,,
32,Sun,4/10/22,14:00 (09:00),Brentford,1.4,2–0,0.3,West Ham,55,16,"17,032",Brentford Community Stadium,Martin Atkinson,2,0,0,0,2,6,4,6,0,1,0,0,,,,,
34,Sun,4/24/22,14:00 (09:00),Chelsea,3,1–0,0.5,West Ham,44,11.7,"32,231",Stamford Bridge,Michael Oliver,1,0,0,0,11,9,3,1,1,0,0,1,,,,,
36,Sun,5/8/22,14:00 (09:00),Norwich City,0.8,0–4,3,West Ham,124,111,"26,428",Carrow Road,Robert Jones,0,4,0,3,7,7,9,5,1,1,0,0,,,,,
38,Sun,5/22/22,16:00 (11:00),Brighton,1.6,3–1,0.2,West Ham,140,73.2,"31,604",The American Express Community Stadium,Kevin Friend,3,1,0,1,9,9,5,6,1,1,0,0,,,,,
1,Sat,8/14/21,15:00 (10:00),Leicester City,0.5,1–0,1.3,Wolves,66,55.8,"31,983",King Power Stadium,Craig Pawson,1,0,1,0,6,10,5,4,1,2,0,0,0,-5,0,,
4,Sat,9/11/21,15:00 (10:00),Watford,0.2,0–2,2.2,Wolves,128,115,"20,019",Vicarage Road Stadium,Peter Bankes,0,2,0,0,15,13,6,8,3,3,0,0,,,,,
6,Sun,9/26/21,14:00 (09:00),Southampton,1,0–1,1,Wolves,172,159,"28,002",St. Mary's Stadium,Andy Madley,0,1,0,0,12,8,5,5,0,0,0,0,,,,,
8,Sat,10/16/21,15:00 (10:00),Aston Villa,1,2–3,2,Wolves,28,21.1,"41,951",Villa Park,Michael Oliver,2,3,0,0,8,17,6,7,2,3,0,0,,,,,
9,Sat,10/23/21,15:00 (10:00),Leeds United,1.6,1–1,0.9,Wolves,131,120,"36,475",Elland Road,Robert Jones,1,1,0,1,15,14,6,3,2,3,0,0,,,,,
11,Sat,11/6/21,15:00 (11:00),Crystal Palace,1.9,2–0,0.3,Wolves,179,152,"24,390",Selhurst Park,Graham Scott,2,0,0,0,14,13,4,6,2,1,0,0,,,,,
13,Sat,11/27/21,15:00 (10:00),Norwich City,1.6,0–0,0.3,Wolves,196,179,"26,911",Carrow Road,Simon Hooper,0,0,0,0,11,10,4,3,2,2,0,0,,,,,
16,Sat,12/11/21,12:30 (07:30),Manchester City,3.2,1–0,0.2,Wolves,91,76.2,"52,613",Etihad Stadium,Jonathan Moss,1,0,0,0,12,5,14,1,3,2,0,1,,,,,
17,Wed,12/15/21,19:30 (14:30),Brighton,1.2,0–1,1,Wolves,195,194,"30,362",The American Express Community Stadium,Tony Harrington,0,1,0,1,11,14,7,4,2,0,0,0,,,,,
21,Mon,1/3/22,17:30 (12:30),Manchester Utd,0.8,0–1,0.7,Wolves,81,75.1,"73,045",Old Trafford,Mike Dean,0,1,0,0,9,8,3,8,3,1,0,0,,,,,
23,Sat,1/22/22,15:00 (10:00),Brentford,1.1,1–2,0.2,Wolves,142,139,"16,982",Brentford Community Stadium,Peter Bankes,1,2,0,0,6,7,6,3,2,3,0,0,,,,,
25,Sun,2/13/22,14:00 (09:00),Tottenham,1.2,0–2,1.3,Wolves,146,134,"56,452",Tottenham Hotspur Stadium,Kevin Friend,0,2,0,2,13,13,7,3,3,1,0,0,,,,,
20,Thu,2/24/22,19:45 (14:45),Arsenal,3.1,2–1,1,Wolves,161,132,"59,888",Emirates Stadium,Martin Atkinson,2,1,0,1,8,9,5,4,1,1,0,0,,,,,
27,Sun,2/27/22,14:00 (09:00),West Ham,1.8,1–0,0.7,Wolves,163,138,"59,946",London Stadium,Anthony Taylor,1,0,0,0,8,2,3,5,1,0,0,0,,,,,
29,Sun,3/13/22,14:00 (10:00),Everton,0.4,0–1,0.8,Wolves,104,89.7,"39,112",Goodison Park,Michael Oliver,0,1,0,0,13,11,5,2,2,1,1,0,,,,,
32,Fri,4/8/22,20:00 (15:00),Newcastle Utd,1.5,1–0,0.4,Wolves,225,204,"52,164",St. James' Park,Peter Bankes,1,0,0,0,6,13,1,2,1,1,0,0,,,,,
34,Sun,4/24/22,14:00 (09:00),Burnley,1.4,1–0,0.6,Wolves,121,104,"19,246",Turf Moor,Anthony Taylor,1,0,0,0,8,7,3,6,3,1,0,0,,,,,
36,Sat,5/7/22,15:00 (10:00),Chelsea,1.7,2–2,2,Wolves,154,143,"32,190",Stamford Bridge,Peter Bankes,2,2,0,0,7,11,9,3,1,3,0,0,,,,,
38,Sun,5/22/22,16:00 (11:00),Liverpool,2.7,3–1,1.3,Wolves,101,87,"53,097",Anfield,Anthony Taylor,3,1,1,1,6,3,5,3,1,0,0,0,,,,,